epoch,train_loss,val_loss,train_acc_avg,val_acc_avg
1,6.564685959969798,6.539666255315145,0.34904233870967744,0.3729956694756555
2,6.557849945560578,6.54001522064209,0.3555947580645161,0.370874297752809
3,6.55364005796371,6.532951354980469,0.3588709677419355,0.3774724953183521
4,6.5516828106295675,6.5270787080128985,0.35962701612903225,0.3848022003745319
5,6.551676627128355,6.525682369867961,0.3598790322580645,0.385124063670412
6,6.5504629381241335,6.521268129348755,0.36189516129032256,0.38943995786516855
7,6.546729595430436,6.527866363525391,0.3644153225806452,0.3811300327715356
8,6.542584388486801,6.520982980728149,0.36819556451612906,0.39033239700374533
9,6.54216544858871,6.518641233444214,0.36794354838709675,0.394970154494382
10,6.541534316155218,6.516462643941243,0.3702116935483871,0.3936680711610487
11,6.538666894358974,6.517953872680664,0.3732358870967742,0.3925269194756555
12,6.538500016735446,6.513807853062947,0.3727318548387097,0.3978230337078652
13,6.536683528654037,6.510995626449585,0.37399193548387094,0.3991251170411985
14,6.536594129377796,6.512881914774577,0.3744959677419355,0.3970037453183521
15,6.5353845627077165,6.511689980824788,0.3762600806451613,0.398876404494382
16,6.533968602457354,6.510886033376058,0.37651209677419356,0.39871547284644193
17,6.533700573828913,6.509312709172566,0.3762600806451613,0.400749063670412
18,6.531889684738651,6.508655071258545,0.3792842741935484,0.4030313670411985
19,6.530947023822415,6.51651406288147,0.3797883064516129,0.3948823735955056
20,6.528985192698817,6.511758804321289,0.3823084677419355,0.3996079119850187
21,6.530026528143114,6.507781744003296,0.3815524193548387,0.4036019428838951
22,6.528062389742944,6.510117769241333,0.38382056451612906,0.4016415028089888
23,6.524742618683846,6.5002444585164385,0.3865927419354839,0.4108438670411985
24,6.5266189729013755,6.500915129979451,0.38432459677419356,0.41230688202247195
25,6.524438781123007,6.498412052790324,0.3863407258064516,0.41360896535580527
26,6.522303073636947,6.499083995819092,0.3883568548387097,0.4121459503745319
27,6.521794426825739,6.495582103729248,0.38860887096774194,0.41515976123595505
28,6.521862399193548,6.501841465632121,0.3888608870967742,0.4070107677902622
29,6.5207619820871665,6.4989926020304365,0.3901209677419355,0.41116573033707865
30,6.520682457954653,6.500359694163005,0.3893649193548387,0.4114875936329588
